{
    "C/N": 3.4750878564961045,
    "ant_pos": [
        [
            0.009239416809377544,
            0.3368137547706912,
            0.0
        ],
        [
            0.13786645601497646,
            0.8192445253901629,
            0.0
        ],
        [
            0.4104798094168402,
            1.1291258002419677,
            0.0
        ],
        [
            0.7260872979415582,
            1.2725048452908396,
            0.0
        ],
        [
            1.07327681912436,
            1.303615987516888,
            0.0
        ],
        [
            0.3231840530647149,
            0.09529396660005413,
            0.0
        ],
        [
            0.8217509221743188,
            0.12204168952263597,
            0.0
        ],
        [
            1.2007076869946967,
            -0.041470436491498286,
            0.0
        ],
        [
            1.4345973395947367,
            -0.29732443348712667,
            0.0
        ],
        [
            1.5714732564525917,
            -0.6179074183351599,
            0.0
        ],
        [
            0.19049931260656597,
            -0.27791884448906046,
            0.0
        ],
        [
            0.3700035441753223,
            -0.743818613220712,
            0.0
        ],
        [
            0.3315983516991526,
            -1.1547559395220077,
            0.0
        ],
        [
            0.16054261809816456,
            -1.4562614508716913,
            0.0
        ],
        [
            -0.10205293422517839,
            -1.6855037739487169,
            0.0
        ],
        [
            -0.20544900304036584,
            -0.2670572586083899,
            0.0
        ],
        [
            -0.5930761559160463,
            -0.5817468739578479,
            0.0
        ],
        [
            -0.9957686350311789,
            -0.6722079828439206,
            0.0
        ],
        [
            -1.3353765449671768,
            -0.6026946396578139,
            0.0
        ],
        [
            -1.6345454384554092,
            -0.42379120213136745,
            0.0
        ],
        [
            -0.31747377944029254,
            0.11286838172670503,
            0.0
        ],
        [
            -0.7365447664485709,
            0.3842792722657608,
            0.0
        ],
        [
            -0.9470172130795104,
            0.7393085586154585,
            0.0
        ],
        [
            -0.9858507106672824,
            1.083775678725792,
            0.0
        ]
    ],
    "arm_degrees": [
        0.0,
        72.0,
        144.0,
        216.0,
        288.0
    ],
    "arms": [
        [
            0.06678168954453456,
            0.4059816188681664,
            0.8490698510064412,
            1.2626302032474928,
            1.6772575137525512
        ],
        [
            0.06678168954453456,
            0.4059816188681664,
            0.8490698510064412,
            1.2626302032474928,
            1.6772575137525512
        ],
        [
            0.06678168954453456,
            0.4059816188681664,
            0.8490698510064412,
            1.2626302032474928,
            1.6772575137525512
        ],
        [
            0.06678168954453456,
            0.4059816188681664,
            0.8490698510064412,
            1.2626302032474928,
            1.6772575137525512
        ],
        [
            0.06678168954453456,
            0.4059816188681664,
            0.8490698510064412,
            1.2626302032474928
        ]
    ],
    "curve": 40.0,
    "entropy": 10.218229921085616,
    "fov_degrees": 150.0,
    "identical-arms": 1,
    "num_ant": 24,
    "num_arms": 5,
    "peak_db": 15.096223891018512,
    "penalty": 1.186510375819629e-41,
    "radius": 1.7,
    "radius_lower": 0.0010000000474974513,
    "res_arcmin": 60.0,
    "spacing": 0.25,
    "x_unconstrained": [
        -0.006195449237646364,
        0.40422394410143064,
        0.8490692701422893,
        1.2638983404936435,
        1.8365066902725184
    ]
}
