{
    "C/N": 3.135857569765731,
    "antenna_positions": [
        [
            0.016001715087056268,
            0.3505786259474876,
            0.0
        ],
        [
            0.2836828631811004,
            0.8751708931261915,
            0.0
        ],
        [
            0.7531123865358798,
            1.0531361957990955,
            0.0
        ],
        [
            1.1935415591787124,
            0.9800664958060115,
            0.0
        ],
        [
            1.6261960453222395,
            0.7033414756277336,
            0.0
        ],
        [
            0.27361889515756155,
            0.07988716337850496,
            0.0
        ],
        [
            0.831588373446414,
            0.047628719718821134,
            0.0
        ],
        [
            1.2464835755649837,
            -0.42388035757849174,
            0.0
        ],
        [
            1.282573653682392,
            -0.9872567767679263,
            0.0
        ],
        [
            1.1655898456033458,
            -1.341467716967819,
            0.0
        ],
        [
            0.13335783373505028,
            -0.19156293548076925,
            0.0
        ],
        [
            0.29084950139548693,
            -0.8489900439405029,
            0.0
        ],
        [
            0.0729932152849017,
            -1.2378248793300035,
            0.0
        ],
        [
            -0.363957682473202,
            -1.4873252318605878,
            0.0
        ],
        [
            -0.9706461996769297,
            -1.514422056308884,
            0.0
        ],
        [
            -0.25421640981981813,
            -0.30945216180556767,
            0.0
        ],
        [
            -0.7650015872823619,
            -0.542427795708414,
            0.0
        ],
        [
            -1.2475582385029393,
            -0.39662393100016036,
            0.0
        ],
        [
            -1.565888282214949,
            -0.05228878875130531,
            0.0
        ],
        [
            -1.7324190878839387,
            0.40548121855921654,
            0.0
        ],
        [
            -0.3405139706822794,
            0.12945775417607688,
            0.0
        ],
        [
            -0.7901505983479034,
            0.7102797541711775,
            0.0
        ],
        [
            -0.6844491872210035,
            1.2559300604026733,
            0.0
        ],
        [
            -0.19779302041107596,
            1.746282171181653,
            0.0
        ]
    ],
    "arm_degrees": [
        0.0,
        72.0,
        144.0,
        216.0,
        288.0
    ],
    "arms": [
        [
            0.06842301547608654,
            0.47022225502106796,
            0.9312633964755325,
            1.3250398831601258,
            1.7440015606443826
        ],
        [
            0.045138477033282554,
            0.3854487321073923,
            0.9629977009411869,
            1.4553728446635525,
            1.7545196243558245
        ],
        [
            0.030267038926952594,
            0.44743195954005577,
            0.854188022981092,
            1.3025564110891195,
            1.7975712275456075
        ],
        [
            0.08910367970434274,
            0.48858630116756774,
            0.9520622783880981,
            1.3637445721150896,
            1.7587171748160477
        ],
        [
            0.07372726352562542,
            0.6271307206972321,
            1.1365727813947522,
            1.7159019446168018
        ]
    ],
    "curve": 68.75,
    "entropy": 8.83784671808843,
    "fov_degrees": 150.0,
    "num_arms": 5,
    "peak_db": 14.77635318846659,
    "penalty": 0.007790453804841752,
    "radius": 1.8,
    "radius_lower": 0.0010000000474974513,
    "res_arcmin": 60.0,
    "spacing": 0.30000001192092896,
    "x_unconstrained": [
        -0.0028198755762510737,
        0.4693015684051927,
        0.9312711510356042,
        1.3259089893593914,
        1.828682282761793,
        -0.05790414542627266,
        0.3832858444385957,
        0.963014237063409,
        1.4586110927082219,
        1.8551884403655583,
        -0.10688065259113633,
        0.4462741638707981,
        0.8541761198009918,
        1.303249832280378,
        2.1705635173610522,
        0.03559986484059835,
        0.4878207289914852,
        0.9520756465312072,
        1.3650272249961959,
        1.8671219352953583,
        0.007712475096552174,
        0.6269404708630283,
        1.136703152751436,
        1.7723399883863105
    ]
}
