{
    "antenna_positions": [
        [
            -0.17837024187321704,
            0.830570006224044
        ],
        [
            0.14943730782145104,
            0.8141107435443578
        ],
        [
            -0.31076544681876694,
            0.6913390036936328
        ],
        [
            0.5548305694132993,
            1.2493065578981257
        ],
        [
            -0.15796837773398897,
            1.3944470650486553
        ],
        [
            0.2999450299095374,
            1.362730373433837
        ],
        [
            1.051484071959065,
            -0.4690551646481361
        ],
        [
            1.2100001125970412,
            -0.18956134126854168
        ],
        [
            1.110376869113233,
            -0.6491836983082835
        ],
        [
            1.017697879194002,
            0.38255267709079405
        ],
        [
            0.55750685031786,
            -0.18250862846292137
        ],
        [
            0.8031705117631018,
            0.21778123646843284
        ],
        [
            -0.4227705101278377,
            -1.0435757843835956
        ],
        [
            -0.15327829061254838,
            -1.1974017411614581
        ],
        [
            -0.5992261218568803,
            -1.1011407015367152
        ],
        [
            0.4123516867775673,
            -0.9929082210000764
        ],
        [
            -0.15943402649427907,
            -0.560066243714754
        ],
        [
            0.23788936036294017,
            -0.7860374155034247
        ],
        [
            -0.8447666709326432,
            0.35915501883657774
        ],
        [
            -1.1051630586459058,
            0.2006419088242889
        ],
        [
            -0.8050416607679355,
            0.5479426199702191
        ],
        [
            -1.1841763146467885,
            -0.3906545529142702
        ],
        [
            -0.5457093347786581,
            -0.13491014114320612
        ],
        [
            -0.9380201939396489,
            -0.3535735769875824
        ]
    ],
    "residuals": [
        0.01834371119137407,
        0.02065726021709688,
        0.01936980068027196,
        0.007384654218667143,
        0.005383273228341918,
        0.003273989290054672,
        0.009031768845957697,
        0.006563971489693475,
        0.004956666961182082,
        0.016163007293799065,
        0.01789861836302076,
        0.017118884570549144,
        0.0029655777830569206,
        0.0059963452468147615,
        0.00593206557040209,
        0.00733428991737579,
        0.015967799821947362,
        0.014623860785116327,
        0.007566254402186241,
        0.005404604558312978,
        0.006179912110763843,
        0.010981317665468417,
        0.012205174007058938,
        0.014954626300479439
    ]
}