{
    "antenna_positions": [
        [
            -0.2939901562493841,
            0.7970145961357177
        ],
        [
            0.032852252042497795,
            0.8270601799500483
        ],
        [
            -0.40537385679291604,
            0.6404660937109856
        ],
        [
            0.3726543454660076,
            1.3151929802002633
        ],
        [
            -0.3535040106799106,
            1.3581132279820909
        ],
        [
            0.10429454915690642,
            1.3914466352191577
        ],
        [
            1.1072316451247088,
            -0.3157049019276349
        ],
        [
            1.2246460286621623,
            -0.01660960777307255
        ],
        [
            1.1909963851571637,
            -0.48569936808018954
        ],
        [
            0.9533996663623875,
            0.5225749709327754
        ],
        [
            0.5777081450122249,
            -0.10186553294069364
        ],
        [
            0.7643190278046241,
            0.3291321340424185
        ],
        [
            -0.27100297195909223,
            -1.092859877191458
        ],
        [
            0.017528154780602323,
            -1.2070451225615322
        ],
        [
            -0.4375491117160851,
            -1.1747908599120402
        ],
        [
            0.548570419697117,
            -0.9246464965332268
        ],
        [
            -0.07866084588736649,
            -0.5769799628039233
        ],
        [
            0.3466163609319469,
            -0.7445154563066414
        ],
        [
            -0.8870543941461814,
            0.23613038283980847
        ],
        [
            -1.12242812507264,
            0.04239888935038438
        ],
        [
            -0.8744157149602035,
            0.42863778156207816
        ],
        [
            -1.1170610202010747,
            -0.5541292277352212
        ],
        [
            -0.5211581184534334,
            -0.21069798247235894
        ],
        [
            -0.8786186540800618,
            -0.48262347568773645
        ]
    ],
    "residuals": [
        0.1222512612257116,
        0.11932879281264476,
        0.11152398930272936,
        0.19621190364638097,
        0.1972985483541596,
        0.19900446026426563,
        0.16082977390696984,
        0.16975226557743708,
        0.177325154869001,
        0.15086164336180677,
        0.08251881003133164,
        0.11583845545270988,
        0.15667298358895348,
        0.16774444285565687,
        0.17407399332224116,
        0.1450612170611917,
        0.08363158566024688,
        0.10817901974897927,
        0.13235723807206642,
        0.16435902208519246,
        0.13655604151524284,
        0.18764365065064484,
        0.08680345324858245,
        0.1524059954982071
    ]
}