{
    "C/N": 3.255615212485445,
    "ant_pos": [
        [
            0.002221387794985407,
            0.21698375617711418,
            0.0
        ],
        [
            0.11473277313491251,
            0.8008395865757089,
            0.0
        ],
        [
            0.35938221050938335,
            1.132984385247373,
            0.0
        ],
        [
            0.743429443130555,
            1.335523663894854,
            0.0
        ],
        [
            0.9983028561200842,
            1.375287645443299,
            0.0
        ],
        [
            0.46853775294434474,
            0.1261336294855982,
            0.0
        ],
        [
            0.8010061154488853,
            0.13793474419900514,
            0.0
        ],
        [
            1.1969123090669038,
            0.003224298442720886,
            0.0
        ],
        [
            1.4351605508779661,
            -0.2065084265793185,
            0.0
        ],
        [
            1.6159384858114165,
            -0.5230435572356403,
            0.0
        ],
        [
            0.17341435346025671,
            -0.24901923493774888,
            0.0
        ],
        [
            0.3957974732995988,
            -0.8346439566532431,
            0.0
        ],
        [
            0.3833580392842967,
            -1.0892928122659629,
            0.0
        ],
        [
            0.18123946501725313,
            -1.5203322201262564,
            0.0
        ],
        [
            0.00047715857116553315,
            -1.6996200949953646,
            0.0
        ],
        [
            -0.13555150095499266,
            -0.1822371798574895,
            0.0
        ],
        [
            -0.5125078647525777,
            -0.5490709319021249,
            0.0
        ],
        [
            -0.9768510998581446,
            -0.70684868945468,
            0.0
        ],
        [
            -1.3739889472790292,
            -0.6480689713782642,
            0.0
        ],
        [
            -1.6020836442848347,
            -0.5349109954477996,
            0.0
        ],
        [
            -0.4264610658159062,
            0.1601693174744637,
            0.0
        ],
        [
            -0.9568870381688518,
            0.6699329325188512,
            0.0
        ],
        [
            -1.0293955261340892,
            0.9145168625913689,
            0.0
        ],
        [
            -0.9997519794504333,
            1.3734571918795655,
            0.0
        ]
    ],
    "arm_degrees": [
        0.0,
        72.0,
        144.0,
        216.0,
        288.0
    ],
    "arms": [
        [
            0.027698167652038252,
            0.3850045015635173,
            0.8310642296735168,
            1.3743004669038479,
            1.6988380589685235
        ],
        [
            0.13849254024785052,
            0.3886098768492694,
            0.8427114539390089,
            1.2366656100262425,
            1.696959854524827
        ],
        [
            0.05416653962060036,
            0.5019330436753688,
            0.7844248336107,
            1.3789751783728064,
            1.6992404088190316
        ],
        [
            0.03034388184327197,
            0.3318489409959495,
            0.8552194947516852,
            1.3575523640636566,
            1.6781186919623132
        ],
        [
            0.1220725005394554,
            0.8026134928758027,
            1.1152919065816698,
            1.697581575494565
        ]
    ],
    "curve": 36.0,
    "entropy": 8.934993516781667,
    "fov_degrees": 150.0,
    "num_arms": 5,
    "peak_db": 14.792321323263145,
    "penalty": 0.07126347198361634,
    "radius": 1.7,
    "radius_lower": 0.0010000000474974513,
    "res_arcmin": 60.0,
    "spacing": 0.25,
    "x_unconstrained": [
        -0.11741159752531521,
        0.38283200397903644,
        0.831056233268729,
        1.3782268392421901,
        2.1449222146504154,
        0.10934249928272458,
        0.3865151366412436,
        0.8427082689044442,
        1.2376421600102914,
        2.047801013325949,
        -0.034415785446408005,
        0.5012638991664493,
        0.7843957975859736,
        1.3830933867703248,
        2.187628220080458,
        -0.10657812949226338,
        0.32812337225270144,
        0.8552214301983071,
        1.3608630796523395,
        1.8408134758195327,
        0.08669301628958154,
        0.8025931508289965,
        1.1155797126002693,
        2.0709917917131953
    ]
}